{"input_width": 26, "label_width": 1, "mean": 1514729.7276295342, "std": 837523.779432692}